<?xml version="1.0" encoding="UTF-8" standalone="yes"?>
<addon id="xbmc-vk.svoka.com" name="VK-xbmc" version="1.3.0" provider-name="shchvova">
	<requires>
		<import addon="xbmc.python" version="2.1.0"/>
    </requires>
	<extension point="xbmc.python.pluginsource" provides="image, audio, video" library="default.py">
		<provides>image video audio</provides>
	</extension>
	
	<extension point="xbmc.addon.repository" name="VK XBMC Add-ons">
		<info compressed="false">https://raw.githubusercontent.com/VkKodi/repo/master/addons/addons.xml</info>
		<checksum>https://raw.githubusercontent.com/VkKodi/repo/master/addons/addons.xml.md5</checksum>
		<datadir zip="false">https://raw.githubusercontent.com/VkKodi/repo/master/addons/</datadir>
	</extension>	
		
	<extension point="xbmc.addon.metadata">
		<summary lang="en">Video, audio and photos from VKontakte social network http://vk.ru/</summary>
		<description lang="en">Video from VKontakte social network http://vk.ru/
homepage - http://github.com/VkKodi/vkkodi
Author - Vlad Svoka aka Shchvova</description>
		<summary lang="ru">Видео с сайта http://vk.ru/</summary>
		<description lang="ru">Видео, аудио и фотографии с сайта http://vk.ru/
Домашняя страница проекта - http://github.com/VkKodi/vkkodi
Автор - Влад Свока aka Shchvova</description>
		<platform>all</platform>
	</extension>
</addon>
